USE Garantia;

INSERT INTO Setor (nome_setor, responsavel, email_do_responsavel) VALUES 
('T.I.', 'Carlos Souza', 'suporte.ti@garantia.com'),
('Impressão', 'Roberto Dias', 'producao.impressao@garantia.com'),
('Mídias', 'Fernanda Alves', 'midias.digitais@garantia.com'),
('Controle de Qualidade', 'Mariana Lima', 'qualidade@garantia.com');

INSERT INTO Cliente (tipo_cliente, nome_solicitante, email_solicitante, rua, endereco, bairro, cpf, cnpj, nome_fantasia) VALUES
('F', 'João da Silva', 'joao.silva@email.com', 'Rua das Flores', '123', 'Centro', '123.456.789-00', NULL, NULL),
('F', 'Maria Oliveira', 'maria.oli@email.com', 'Av. Paulista', '1000, Apt 40', 'Bela Vista', '234.567.890-11', NULL, NULL),
('J', 'Tech Solutions Ltda', 'contato@techsol.com', 'Rua Inovação', '500', 'Tecnopolo', NULL, '12.345.678/0001-90', 'Tech Soluções'),
('F', 'Pedro Santos', 'pedro.santos@email.com', 'Rua do Lago', '45', 'Jardim', '345.678.901-22', NULL, NULL),
('J', 'Comércio Global SA', 'sac@comercioglobal.com', 'Av. Brasil', '2020', 'Industrial', NULL, '98.765.432/0001-10', 'Global Shop'),
('F', 'Ana Costa', 'ana.costa@email.com', 'Rua A', '12', 'Vila Nova', '456.789.012-33', NULL, NULL),
('J', 'InforPeças ME', 'gerencia@inforpecas.com', 'Rua dos Hardwares', '88', 'Centro', NULL, '11.222.333/0001-44', 'InforPeças'),
('F', 'Lucas Pereira', 'lucas.p@email.com', 'Travessa B', '9', 'São José', '567.890.123-44', NULL, NULL),
('J', 'Escritório Silva', 'adm@silvaadv.com', 'Rua da Lei', '101', 'Jurídico', NULL, '55.666.777/0001-88', 'Silva Advogados'),
('F', 'Beatriz Rocha', 'bia.rocha@email.com', 'Alameda Santos', '300', 'Jardins', '678.901.234-55', NULL, NULL),
('F','Bruna Almeida','bruna.almeida@gmail.com','Rua das Acácias','102','Centro','421.589.630-12',NULL,NULL),
('F','Thiago Monteiro','t.monteiro@gmail.com','Avenida Brasil','455','Jardim Europa','852.147.963-27',NULL,NULL),
('F','Larissa Couto','larissa.couto@gmail.com','Rua das Flores','88','Santa Luzia','369.741.258-40',NULL,NULL),
('F','Renato Barros','renato.barros@gmail.com','Avenida Paulista','900','Nova Esperança','214.785.963-11',NULL,NULL),
('F','Camila Torres','camila.torres@gmail.com','Rua do Sol','122','Vila Mariana','741.369.258-66',NULL,NULL),
('J','Mercado Bom Preço','contato@bompreco.com','Avenida Central','501','Comercial',NULL,'13.456.789/0001-55','Bom Preço'),
('J','MídiaMax Publicidade','suporte@midiamax.com','Rua Ouro Preto','233','Industrial',NULL,'22.345.678/0001-12','MídiaMax'),
('J','Auto Peças Silva','vendas@autossilva.com','Avenida Amazonas','677','Automotores',NULL,'77.888.999/0001-90','Peças Silva'),
('J','Casa Verde Hortifruti','contato@casaverde.com','Rua Ipê Amarelo','144','Verdejante',NULL,'11.222.333/0001-08','Casa Verde'),
('J','ConstruForte Materiais','atendimento@construforte.com','Avenida Tiradentes','311','Obras',NULL,'99.555.444/0001-77','ConstruForte');

INSERT INTO Produto (numero_da_nota_fiscal, nome_do_produto, quantidade, data_da_entrega, foto_do_produto) VALUES
('NF-00100', 'Livro Bernoulli - Vol 1', 1, '2023-10-01', ''),
('NF-00101', 'Manual Fiat - FIAT ARGO', 1, '2023-10-05', ''),
('NF-00102', 'Manual Fiat - FIAT CRONOS', 5, '2023-10-10', ''),
('NF-00103', 'Manual Fiat - FIAT DUCATO', 1, '2023-10-12', ''),
('NF-00104', 'Manual Fiat - FIAT FASTBACK', 2, '2023-10-15', ''),
('NF-00105', 'Manual Fiat - FIAT FIORINO', 1, '2023-10-20', ''),
('NF-00106', 'Manual Fiat - FIAT MOBI', 1, '2023-10-22', ''),
('NF-00107', 'Manual Fiat - FIAT PULSE', 1, '2023-10-25', ''),
('NF-00108', 'Manual Fiat - FIAT SCUDO', 10, '2023-10-28', ''),
('NF-00109', 'Manual Fiat - FIAT Toro', 1, '2023-10-30', ''),
('NF-00110', 'Manual Fiat - FIAT STRADA', 1, '2023-11-01', ''),
('NF-00111', 'Manual Jeep - RENEGADE', 1, '2023-11-02', ''),
('NF-00112', 'Apostila Matemática - 2º Ano', 1, '2023-11-05', ''),
('NF-00113', 'Apostila Português - 2º Ano', 1, '2023-11-06', ''),
('NF-00114', 'Manual Fiat - FIAT 500e', 1, '2023-11-08', ''),
('NF-00115', 'Manual Citroën - C3', 1, '2023-11-10', ''),
('NF-00116', 'Manual Citroën - C4 Cactus', 2, '2023-11-12', ''),
('NF-00117', 'Livro História do Brasil', 1, '2023-11-15', ''),
('NF-00118', 'Manual Peugeot - 208', 1, '2023-11-18', ''),
('NF-00119', 'Manual Peugeot - 3008', 1, '2023-11-20', '');

INSERT INTO Atendimento (numero_da_nota_fiscal, cod_cliente, id_setor, descricao_cliente, email_atendimento, data_do_atendimento, nome_atendente) VALUES
('NF-00100', 1, 4, 'Capa veio rasgada na ponta', 'qualidade@garantia.com', '2023-11-01', 'Mariana Lima'),
('NF-00101', 2, 2, 'Páginas do meio estão em branco', 'producao.impressao@garantia.com', '2023-11-02', 'Roberto Dias'),
('NF-00102', 3, 4, 'Solicitei 5 unidades, vieram apenas 3', 'qualidade@garantia.com', '2023-11-03', 'Mariana Lima'),
('NF-00103', 4, 4, 'Comprei manual do Ducato, veio do Argo', 'qualidade@garantia.com', '2023-11-04', 'Mariana Lima'),
('NF-00104', 5, 2, 'Impressão borrada nas páginas de elétrica', 'producao.impressao@garantia.com', '2023-11-05', 'Roberto Dias'),
('NF-00105', 6, 2, 'Folhas soltando da lombada (encadernação ruim)', 'producao.impressao@garantia.com', '2023-11-06', 'Roberto Dias'),
('NF-00106', 7, 4, 'Manual veio molhado/úmido', 'qualidade@garantia.com', '2023-11-07', 'Mariana Lima'),
('NF-00107', 8, 4, 'Caixa amassada danificou a capa dura', 'qualidade@garantia.com', '2023-11-08', 'Mariana Lima'),
('NF-00108', 9, 2, 'Pedido incompleto, faltou o encarte de garantia', 'producao.impressao@garantia.com', '2023-11-09', 'Roberto Dias'),
('NF-00109', 10, 3, 'Cores da impressão invertidas (imagem rosa)', 'midias.digitais@garantia.com', '2023-11-10', 'Fernanda Alves'),
('NF-00110', 11, 4, 'Página 50 rasgada ao meio', 'qualidade@garantia.com', '2023-11-12', 'Mariana Lima'),
('NF-00111', 11, 4, 'Veio manual da Jeep em vez de Fiat', 'qualidade@garantia.com', '2023-11-12', 'Mariana Lima'),
('NF-00112', 12, 3, 'Gabarito de respostas veio errado', 'midias.digitais@garantia.com', '2023-11-15', 'Fernanda Alves'),
('NF-00113', 12, 4, 'Livro com marcas de uso (parece usado)', 'qualidade@garantia.com', '2023-11-16', 'Mariana Lima'),
('NF-00114', 13, 2, 'Diagrama elétrico ilegível', 'producao.impressao@garantia.com', '2023-11-18', 'Roberto Dias'),
('NF-00115', 14, 3, 'Falta índice remissivo (erro de diagramação)', 'midias.digitais@garantia.com', '2023-11-20', 'Fernanda Alves'),
('NF-00116', 14, 4, 'Comprei 2, veio 1 manual em francês', 'qualidade@garantia.com', '2023-11-21', 'Mariana Lima'),
('NF-00117', 15, 3, 'Erro ortográfico grosseiro na capa', 'midias.digitais@garantia.com', '2023-11-22', 'Fernanda Alves'),
('NF-00118', 16, 2, 'Papel de gramatura inferior ao anunciado', 'producao.impressao@garantia.com', '2023-11-25', 'Roberto Dias'),
('NF-00119', 16, 4, 'Veio modelo 2022, comprei 2023', 'qualidade@garantia.com', '2023-11-26', 'Mariana Lima');

INSERT INTO Devolucao (id_atendimento, id_setor, forma_do_envio, observacoes_da_devolucao, data_da_devolucao, medida_adotada) VALUES
(1, 4, 'Correios', 'Rasgo verificado na capa frontal', '2023-11-05', 'Troca autorizada'),
(2, 2, 'Transportadora', 'Erro de impressão (páginas em branco)', '2023-11-06', 'Troca do produto'),
(3, 4, 'Transportadora', 'Conferência de peso confirmou falta', '2023-11-07', 'Envio das unidades faltantes'),
(4, 4, 'Correios', 'Produto devolvido em perfeito estado', '2023-11-08', 'Troca pelo modelo correto'),
(5, 2, 'Técnico in loco', 'Falha gráfica confirmada nas pág 10-15', '2023-11-09', 'Substituição'),
(6, 2, 'Correios', 'Cola da lombada ressecada', '2023-11-10', 'Troca por nova edição'),
(7, 4, 'Técnico in loco', 'Dano por umidade confirmado', '2023-11-11', 'Reenvio imediato'),
(8, 4, 'Correios', 'Dano na capa dura causado pelo transporte', '2023-11-12', 'Troca autorizada'),
(9, 2, 'N/A', 'Item ausente na embalagem', '2023-11-13', 'Envio do encarte'),
(10, 3, 'Correios', 'Erro de perfil de cor no arquivo original', '2023-11-14', 'Troca por lote corrigido'),
(11, 4, 'Correios', 'Página rasgada confirmada', '2023-11-14', 'Troca'),
(12, 4, 'Transportadora', 'Envio incorreto verificado', '2023-11-14', 'Correção do pedido'),
(13, 3, 'Correios', 'Erro editorial no gabarito', '2023-11-17', 'Envio de errata/novo livro'),
(14, 4, 'Correios', 'Marcas de manuseio constatadas', '2023-11-18', 'Troca por exemplar novo'),
(15, 2, 'Transportadora', 'Falha na legibilidade da impressão', '2023-11-20', 'Troca'),
(16, 3, 'Correios', 'Erro de diagramação confirmado', '2023-11-22', 'Troca'),
(17, 4, 'Transportadora', 'Idioma incorreto verificado', '2023-11-23', 'Troca pelo PT-BR'),
(18, 3, 'N/A', 'Erro de revisão ortográfica', '2023-11-24', 'Reembolso'),
(19, 2, 'Correios', 'Papel fora do padrão de qualidade', '2023-11-27', 'Devolução do valor'),
(20, 4, 'Transportadora', 'Edição desatualizada enviada', '2023-11-28', 'Envio da edição 2023');
